datetime,inc_spy_return_z,batch_spy_return_z,inc_vix_z,batch_vix_z,inc_credit_z,batch_credit_z,inc_trend_factor,batch_trend_factor,inc_vol_factor,batch_vol_factor,inc_credit_factor,batch_credit_factor,inc_risk_context,batch_risk_context,inc_macro_state,batch_macro_state,risk_context_diff,state_match
2025-10-24 00:00:00+00:00,0.8000519183388703,0.7797941513218856,-0.7470501627756939,-0.7281344301830922,1.0171296901562061,0.9913753911951084,0.8000519183388703,0.7797941513218856,-0.7470501627756939,-0.7281344301830922,1.0171296901562061,0.9913753911951084,0.40685187606248246,0.39655015647804337,neutral,risk_on,0.010301719584439095,False
2025-10-10 00:00:00+00:00,-3.7457944087995716,-3.6509487760504644,3.954185185547463,3.854062980482475,2.196313360315927,2.1407014639748083,-3.7457944087995716,-3.6509487760504644,3.954185185547463,3.854062980482475,2.196313360315927,2.1407014639748083,3.2510364554548485,3.1687183738794085,risk_off,risk_off,0.08231808157544007,True
2025-04-04 00:00:00+00:00,-2.732514191033872,-2.6633253864279185,3.649967742918829,3.55754849554164,2.4465437032753776,2.3845958331414048,-2.732514191033872,-2.6633253864279185,3.649967742918829,3.55754849554164,2.4465437032753776,2.3845958331414048,3.1685981270614483,3.088367430581546,risk_off,risk_off,0.08023069647990244,True
2025-08-01 00:00:00+00:00,-3.010381780562965,-2.9341572114506964,3.293871951299624,3.210469250745579,2.1449805277930967,2.0906684078017683,-3.010381780562965,-2.9341572114506964,3.293871951299624,3.210469250745579,2.1449805277930967,2.0906684078017683,2.834315381897013,2.7625489135680548,risk_off,risk_off,0.07176646832895806,True
2025-10-16 00:00:00+00:00,-0.8494351427070529,-0.8279269645219087,3.062336195406689,2.984796111129443,2.3248883349841165,2.266020847573166,-0.8494351427070529,-0.8279269645219087,3.062336195406689,2.984796111129443,2.3248883349841165,2.266020847573166,2.76735705123766,2.6972860057069323,risk_off,risk_off,0.07007104553072763,True
2025-10-14 00:00:00+00:00,-0.18127012284825236,-0.176680260826017,2.396370756609388,2.3356932938587347,2.144165885770115,2.089874392975112,-0.18127012284825236,-0.176680260826017,2.396370756609388,2.3356932938587347,2.144165885770115,2.089874392975112,2.295488808273679,2.2373657335052854,risk_off,risk_off,0.0581230747683934,True
2025-04-03 00:00:00+00:00,-2.9132682469160005,-2.8395026473952396,2.4098752419426948,2.3488558379862208,1.7920451515468776,1.7466695548740683,-2.9132682469160005,-2.8395026473952396,2.4098752419426948,2.3488558379862208,1.7920451515468776,1.7466695548740683,2.162743205784368,2.1079813247413597,risk_off,risk_off,0.05476188104300839,True
2025-10-15 00:00:00+00:00,0.5008093700358763,0.4881285935693013,1.9410043268379216,1.891856999607448,1.7395032843225553,1.695458077440764,0.5008093700358763,0.4881285935693013,1.9410043268379216,1.891856999607448,1.7395032843225553,1.695458077440764,1.860403909831775,1.8132974307407743,risk_off,risk_off,0.04710647909100074,True
2025-10-13 00:00:00+00:00,1.8783212529346949,1.8307610965838348,1.7335496067927483,1.6896551503934738,1.919159134179687,1.8705649395805208,1.8783212529346949,1.8307610965838348,1.7335496067927483,1.6896551503934738,1.919159134179687,1.8705649395805208,1.8077934177475237,1.7620190660682926,risk_off,risk_off,0.04577435167923105,True
2025-11-18 00:00:00+00:00,-0.9241389195683737,-0.9007391995066882,3.0063671518769715,2.930244235433492,-1.1532194914484473,-1.124019321757226,-0.9241389195683737,-0.9007391995066882,3.0063671518769715,2.930244235433492,-1.1532194914484473,-1.124019321757226,1.8038202911261827,1.7581465412600952,risk_off,risk_off,0.04567374986608752,True
2025-04-07 00:00:00+00:00,0.16611380051192842,0.16190770514243882,2.87731260800447,2.8044574255945522,-0.6181103619538352,-0.6024594580359818,0.16611380051192842,0.16190770514243882,2.87731260800447,2.8044574255945522,-0.6181103619538352,-0.6024594580359818,1.726387564802682,1.6826744553567312,risk_off,risk_off,0.04371310944595086,True
2025-11-17 00:00:00+00:00,-1.1205666134599006,-1.0921932331052677,2.8532478645166126,2.7810020150210626,-1.2021050269244717,-1.1716670478293054,-1.1205666134599006,-1.0921932331052677,2.8532478645166126,2.7810020150210626,-1.2021050269244717,-1.1716670478293054,1.7119487187099676,1.6686012090126374,risk_off,risk_off,0.043347509697330144,True
2025-04-08 00:00:00+00:00,-0.5361100695668296,-0.5225354594249115,2.6809102393268973,2.6130280759611866,-2.065980008204536,-2.0136682260457346,-0.5361100695668296,-0.5225354594249115,2.6809102393268973,2.6130280759611866,-2.065980008204536,-2.0136682260457346,1.6085461435961383,1.5678168455767119,risk_off,risk_off,0.040729298019426485,True
2025-11-20 00:00:00+00:00,-1.6059347068872412,-1.5652715319220991,2.5200310898390876,2.4562224775186836,-0.7753153858260665,-0.7556839618012174,-1.6059347068872412,-1.5652715319220991,2.5200310898390876,2.4562224775186836,-0.7753153858260665,-0.7556839618012174,1.5120186539034526,1.4737334865112102,risk_off,risk_off,0.038285167392242414,True
2025-06-17 00:00:00+00:00,-1.0691249649888352,-1.0420541162647243,1.767999024616484,1.72323228947609,1.0956435544305405,1.0679012400249375,-1.0691249649888352,-1.0420541162647243,1.767999024616484,1.72323228947609,1.0956435544305405,1.0679012400249375,1.4990568365421066,1.461099869695629,risk_off,risk_off,0.03795696684647765,True
2025-08-05 00:00:00+00:00,-0.8999402335883022,-0.8771532379404506,1.0972420195628811,1.0694592311163478,2.005512820789752,1.9547321020114306,-0.8999402335883022,-0.8771532379404506,1.0972420195628811,1.0694592311163478,2.005512820789752,1.9547321020114306,1.4605503400536295,1.4235683794743808,risk_off,risk_off,0.03698196057924874,True
2025-09-16 00:00:00+00:00,-0.47944595118526345,-0.46730610856540683,1.331576457986416,1.2978601890386186,1.5415754705788662,1.50254190787339,-0.47944595118526345,-0.46730610856540683,1.331576457986416,1.2978601890386186,1.5415754705788662,1.50254190787339,1.415576063023396,1.3797328765725272,risk_off,risk_off,0.035843186450868814,True
2025-10-17 00:00:00+00:00,0.6690610746144674,0.6521200698384092,1.1433638808408004,1.11441326078382,1.8074584482510323,1.7616925781887849,0.6690610746144674,0.6521200698384092,1.1433638808408004,1.11441326078382,1.8074584482510323,1.7616925781887849,1.4090017078048933,1.3733249877458058,risk_off,risk_off,0.03567672005908751,True
2025-08-04 00:00:00+00:00,2.3723459619926293,2.312276820628009,0.8931523376939724,0.8705372154089575,2.050113435323764,1.9982034037629386,2.3723459619926293,2.312276820628009,0.8931523376939724,0.8705372154089575,2.050113435323764,1.9982034037629386,1.3559367767458892,1.32160369075055,risk_off,risk_off,0.03433308599533924,True
2025-09-08 00:00:00+00:00,0.2677381230514022,0.26095884236471667,-0.22401146561101248,-0.21833936861903228,3.175577211194932,3.095169800357585,0.2677381230514022,0.26095884236471667,-0.22401146561101248,-0.21833936861903228,3.175577211194932,3.095169800357585,1.2702308844779728,1.238067920143034,risk_off,risk_off,0.032162964334938815,True
2025-11-19 00:00:00+00:00,0.5101530236408636,0.4972356605809957,2.098856205925834,2.0457119798485666,-1.1980045001888884,-1.1676703487495697,0.5101530236408636,0.4972356605809957,2.098856205925834,2.0457119798485666,-1.1980045001888884,-1.1676703487495697,1.2593137235555005,1.2274271879091398,risk_off,risk_off,0.03188653564636068,True
2025-06-13 00:00:00+00:00,-1.506884915975742,-1.4687297377310273,1.530782223354389,1.492021951772579,0.801592983728681,0.781296196064498,-1.506884915975742,-1.4687297377310273,1.530782223354389,1.492021951772579,0.801592983728681,0.781296196064498,1.2391065275041058,1.2077316494893466,risk_off,risk_off,0.03137487801475913,True
2025-09-23 00:00:00+00:00,-1.6049312369532869,-1.5642934704143485,1.6120461229052738,1.5712282034309035,0.5288347914473868,0.5154443954617496,-1.6049312369532869,-1.5642934704143485,1.6120461229052738,1.5712282034309035,0.5288347914473868,0.5154443954617496,1.178761590322119,1.148914680243242,risk_off,risk_off,0.029846910078876965,True
2025-10-07 00:00:00+00:00,-1.4094219275386468,-1.3737345672783354,1.8918299923436297,1.8439277870720923,-0.5007851983005743,-0.48810503387581666,-1.4094219275386468,-1.3737345672783354,1.8918299923436297,1.8439277870720923,-0.5007851983005743,-0.48810503387581666,1.1350979954061777,1.1063566722432554,risk_off,risk_off,0.028741323162922328,True
2025-09-05 00:00:00+00:00,-0.664842768230382,-0.648008573357501,-0.13500133153657867,-0.13158302147626985,2.8221785893156084,2.7507194314376555,-0.664842768230382,-0.648008573357501,-0.13500133153657867,-0.13158302147626985,2.8221785893156084,2.7507194314376555,1.1288714357262435,1.1002877725750622,risk_off,risk_off,0.028583663151181327,True
2025-11-14 00:00:00+00:00,-0.09547168369577408,-0.09305428667353598,1.7276400491619046,1.6838952261038658,-1.5539551981458695,-1.5146081737373227,-0.09547168369577408,-0.09305428667353598,1.7276400491619046,1.6838952261038658,-1.5539551981458695,-1.5146081737373227,1.0365840294971427,1.0103371356623194,risk_off,risk_off,0.02624689383482326,True
2025-11-13 00:00:00+00:00,-2.1451068381709875,-2.0907915199295997,1.6920197961992633,1.6491768980901398,-1.2480498657248695,-1.216448537328554,-2.1451068381709875,-2.0907915199295997,1.6920197961992633,1.6491768980901398,-1.2480498657248695,-1.216448537328554,1.015211877719558,0.9895061388540838,risk_off,risk_off,0.025705738865474226,True
2025-09-02 00:00:00+00:00,-1.369259846453597,-1.3345894127987876,1.6690342155521318,1.6267733253438654,-2.178035915836787,-2.12288681472646,-1.369259846453597,-1.3345894127987876,1.6690342155521318,1.6267733253438654,-2.178035915836787,-2.12288681472646,1.001420529331279,0.9760639952063193,risk_off,risk_off,0.02535653412495975,True
2025-06-20 00:00:00+00:00,-0.8756512739867133,-0.8534792885318446,1.0763320050302299,1.0490786699766272,0.8827772861206651,0.8604248660086098,-0.8756512739867133,-0.8534792885318446,1.0763320050302299,1.0490786699766272,0.8827772861206651,0.8604248660086098,0.9989101174664039,0.9736171483894203,risk_off,risk_off,0.02529296907698364,True
2025-10-02 00:00:00+00:00,0.7180472906163736,0.6998659271485034,1.4808380688185776,1.443342411474451,0.25143549521698255,0.24506900628648332,0.7180472906163736,0.6998659271485034,1.4808380688185776,1.443342411474451,0.25143549521698255,0.24506900628648332,0.9890770393779396,0.9640330493992639,risk_off,risk_off,0.02504398997867563,True
2025-09-15 00:00:00+00:00,0.7057350809901947,0.6878654696328507,0.5568268400832768,0.5427276695963048,1.6343417564517386,1.5929592989268488,0.7057350809901947,0.6878654696328507,0.5568268400832768,0.5427276695963048,1.6343417564517386,1.5929592989268488,0.9878328066306615,0.9628203213285225,risk_off,risk_off,0.025012485302139065,True
2025-09-10 00:00:00+00:00,0.4107126036769235,0.4003131282859992,0.1362217741439892,0.13277256178669297,2.197352426228428,2.141714220151424,0.4107126036769235,0.4003131282859992,0.1362217741439892,0.13277256178669297,2.197352426228428,2.141714220151424,0.9606740349777648,0.9363492251325854,risk_off,risk_off,0.024324809845179374,True
2025-09-25 00:00:00+00:00,-1.2209069062785451,-1.1899928529653887,1.491960924648439,1.4541836303043625,0.14719297861492212,0.14346596915594348,-1.2209069062785451,-1.1899928529653887,1.491960924648439,1.4541836303043625,0.14719297861492212,0.14346596915594348,0.9540537462350323,0.9298965658449948,risk_off,risk_off,0.024157180390037447,True
2025-06-18 00:00:00+00:00,-0.07640793723897303,-0.07447324505793396,0.7502150246627692,0.7312191559774285,1.1447836797063988,1.1157971095391328,-0.07640793723897303,-0.07447324505793396,0.7502150246627692,0.7312191559774285,1.1447836797063988,1.1157971095391328,0.908042486680221,0.8850503374021101,risk_off,risk_off,0.022992149278110885,True
2025-09-11 00:00:00+00:00,1.3224551544900238,1.2889698421046796,-0.7748721380445558,-0.7552519373044883,2.235572190895203,2.1789662387628694,1.3224551544900238,1.2889698421046796,-0.7748721380445558,-0.7552519373044883,2.235572190895203,2.1789662387628694,0.8942288763580812,0.8715864955051478,risk_off,risk_off,0.022642380852933464,True
2025-09-09 00:00:00+00:00,0.21326596642964843,0.20786595155367107,-0.2467734241688379,-0.24052498151385968,2.173778648823174,2.1187373441214685,0.21326596642964843,0.20786595155367107,-0.2467734241688379,-0.24052498151385968,2.173778648823174,2.1187373441214685,0.8695114595292696,0.8474949376485874,risk_off,risk_off,0.02201652188068215,True
2025-06-23 00:00:00+00:00,1.1197556672924471,1.0914028205533794,0.5851438176522353,0.570327645279313,1.2447841105461537,1.2132654729178278,1.1197556672924471,1.0914028205533794,0.5851438176522353,0.570327645279313,1.2447841105461537,1.2132654729178278,0.8489999348098027,0.8275027763347189,risk_off,risk_off,0.021497158475083822,True
2025-10-22 00:00:00+00:00,-0.6695359509423481,-0.6525829220291162,0.17937056110911556,0.17482879706435964,1.8207056831068538,1.7746043855665934,-0.6695359509423481,-0.6525829220291162,0.17937056110911556,0.17482879706435964,1.8207056831068538,1.7746043855665934,0.8359046099082108,0.8147390324652533,risk_off,risk_off,0.02116557744295755,True
2025-06-26 00:00:00+00:00,0.9386423620539927,0.9148754066265963,-1.2703128231245313,-1.2381477840569417,2.075379695873678,2.022829908307148,0.9386423620539927,0.9148754066265963,-1.2703128231245313,-1.2381477840569417,2.075379695873678,2.022829908307148,0.8301518783494712,0.8091319633228592,risk_off,risk_off,0.021019915026612046,True
2025-10-20 00:00:00+00:00,1.185689398779893,1.1556670726727791,0.10257910057152127,0.09998173973461312,1.9149054362499083,1.8664189476882358,1.185689398779893,1.1556670726727791,0.10257910057152127,0.09998173973461312,1.9149054362499083,1.8664189476882358,0.8275096348428762,0.8065566229160622,risk_off,risk_off,0.02095301192681398,True
2025-10-21 00:00:00+00:00,-0.048354066410104486,-0.047129714103452285,-0.07650358210714016,-0.07456646814395065,2.050656519410592,1.9987327366534664,-0.048354066410104486,-0.047129714103452285,-0.07650358210714016,-0.07456646814395065,2.050656519410592,1.9987327366534664,0.8202626077642368,0.7994930946613866,risk_off,risk_off,0.020769513102850135,True
2025-10-03 00:00:00+00:00,-0.40231933383026386,-0.39213238077841023,1.3510430947458045,1.3168339195466439,-0.24405902967066123,-0.2378793170192933,-0.40231933383026386,-0.39213238077841023,1.3510430947458045,1.3168339195466439,-0.24405902967066123,-0.2378793170192933,0.8106258568474827,0.7901003517279863,risk_off,risk_off,0.020525505119496357,True
2025-06-24 00:00:00+00:00,1.1456712930438209,1.116662248004947,-0.9019580301217619,-0.8791199427246601,2.005389860039555,1.9546122546969007,1.1456712930438209,1.116662248004947,-0.9019580301217619,-0.8791199427246601,2.005389860039555,1.9546122546969007,0.8021559440158221,0.7818449018787603,risk_off,risk_off,0.020311042137061808,True
2025-11-21 00:00:00+00:00,1.2908831845833437,1.2581972923305909,1.33488159148447,1.3010816346870657,-0.43100270486471665,-0.4200894726372346,1.2908831845833437,1.2581972923305909,1.33488159148447,1.3010816346870657,-0.43100270486471665,-0.4200894726372346,0.800928954890682,0.7806489808122394,risk_off,risk_off,0.02027997407844262,True
2025-06-30 00:00:00+00:00,0.3911847114897484,0.3812796933723998,-0.9514393873130692,-0.9273484039692159,2.0016201285459734,1.9509379749366713,0.3911847114897484,0.3812796933723998,-0.9514393873130692,-0.9273484039692159,2.0016201285459734,1.9509379749366713,0.8006480514183894,0.7803751899746686,risk_off,risk_off,0.020272861443720758,True
2025-04-10 00:00:00+00:00,-1.0842414212150808,-1.0567878152706784,1.3186562491903324,1.2852671272355336,-2.73270289520995,-2.6635093125075975,-1.0842414212150808,-1.0567878152706784,1.3186562491903324,1.2852671272355336,-2.73270289520995,-2.6635093125075975,0.7911937495141994,0.7711602763413201,risk_off,risk_off,0.02003347317287929,True
2025-07-31 00:00:00+00:00,-1.1969563560466236,-1.1666487442098326,0.5531932392255776,0.5391860735671904,1.1433072456670397,1.114358059644594,-1.1969563560466236,-1.1666487442098326,0.5531932392255776,0.5391860735671904,1.1433072456670397,1.114358059644594,0.7892388418021624,0.7692548679981519,risk_off,risk_off,0.019983973804010513,True
2025-06-12 00:00:00+00:00,0.33789525369500223,0.3293395547852233,-0.3174840911364386,-0.3094452144055718,1.967209752971959,1.9173988895318992,0.33789525369500223,0.3293395547852233,-0.3174840911364386,-0.3094452144055718,1.967209752971959,1.9173988895318992,0.7868839011887836,0.7669595558127598,risk_off,risk_off,0.019924345376023833,True
2025-09-17 00:00:00+00:00,-0.49918072697438826,-0.48654118867115814,0.46977032717806344,0.4578754768299456,1.2577522864345512,1.2259052872590435,-0.49918072697438826,-0.48654118867115814,0.46977032717806344,0.4578754768299456,1.2577522864345512,1.2259052872590435,0.7849631108806585,0.7650874010015848,risk_off,risk_off,0.019875709879073722,True
2025-06-25 00:00:00+00:00,-0.13088665696684054,-0.12757253279353492,-1.2946109612280639,-1.2618306795626408,1.8479313141037697,1.8011406481900616,-0.13088665696684054,-0.12757253279353492,-1.2946109612280639,-1.2618306795626408,1.8479313141037697,1.8011406481900616,0.7391725256415079,0.7204562592760246,risk_off,risk_off,0.01871626636548329,True
2025-11-26 00:00:00+00:00,0.7861328021103401,0.766227474987788,-0.9465847975780004,-0.9226167351915591,1.813075110514805,1.7671670233874528,0.7861328021103401,0.766227474987788,-0.9465847975780004,-0.9226167351915591,1.813075110514805,1.7671670233874528,0.7252300442059221,0.7068668093549811,risk_off,risk_off,0.018363234850940935,True
2025-09-22 00:00:00+00:00,0.7267383342361924,0.7083369086289176,1.0341183335836361,1.0079338725639582,0.18069484209011094,0.17611954650198836,0.7267383342361924,0.7083369086289176,1.0341183335836361,1.0079338725639582,0.18069484209011094,0.17611954650198836,0.692748936986226,0.6752081421391701,neutral,neutral,0.01754079484705584,True
2025-09-12 00:00:00+00:00,-0.2375293918963743,-0.23151501336614866,-0.6976060474397114,-0.6799422678091901,1.7052679254609093,1.6620895772265867,-0.2375293918963743,-0.23151501336614866,-0.6976060474397114,-0.6799422678091901,1.7052679254609093,1.6620895772265867,0.6821071701843637,0.6648358308906347,neutral,neutral,0.017271339293729038,True
2025-04-01 00:00:00+00:00,0.3750722388817217,0.3655751976827203,0.021652031154326568,0.021103789480860606,1.6218843525870745,1.5808173235731686,0.3750722388817217,0.3655751976827203,0.021652031154326568,0.021103789480860606,1.6218843525870745,1.5808173235731686,0.6617449597274258,0.6449892031177838,neutral,neutral,0.016755756609641903,True
2025-09-30 00:00:00+00:00,0.39872755591777215,0.3886315487138821,0.9636713081369459,0.9392706056407855,0.18951313645307222,0.18471455666477496,0.39872755591777215,0.3886315487138821,0.9636713081369459,0.9392706056407855,0.18951313645307222,0.18471455666477496,0.6540080394633964,0.6374481860503813,neutral,neutral,0.016559853413015024,True
2025-08-06 00:00:00+00:00,1.0931163615289894,1.0654380370768881,0.16628783943986847,0.1620773373063194,1.361020346280791,1.3265585414298922,1.0931163615289894,1.0654380370768881,0.16628783943986847,0.1620773373063194,1.361020346280791,1.3265585414298922,0.6441808421762375,0.6278698189557486,neutral,neutral,0.01631102322048894,True
2025-09-03 00:00:00+00:00,0.6834640918768304,0.666158394558507,1.06376807890615,1.0368328695672877,-0.5667364255192205,-0.5523863387246533,0.6834640918768304,0.666158394558507,1.06376807890615,1.0368328695672877,-0.5667364255192205,-0.5523863387246533,0.63826084734369,0.6220997217403726,neutral,neutral,0.016161125603317394,True
2025-09-24 00:00:00+00:00,-1.0234827137434859,-0.9975675526324699,0.8731217684956374,0.8510138315505538,0.22112962277603398,0.2155304956743089,-1.0234827137434859,-0.9975675526324699,0.8731217684956374,0.8510138315505538,0.22112962277603398,0.2155304956743089,0.612324910207796,0.5968204972000558,neutral,neutral,0.015504413007740192,True
2025-04-02 00:00:00+00:00,0.6631626499573723,0.6463709966293043,-0.06114888072876824,-0.05960055648785812,1.4157126288714432,1.3798659844960326,0.6631626499573723,0.6463709966293043,-0.06114888072876824,-0.05960055648785812,1.4157126288714432,1.3798659844960326,0.5662850515485773,0.551946393798413,neutral,neutral,0.014338657750164296,True
2025-04-11 00:00:00+00:00,0.6687955582176001,0.6518612764668659,0.9341225921816532,0.9104700798834426,-2.0517434525730094,-1.999792148053772,0.6687955582176001,0.6518612764668659,0.9341225921816532,0.9104700798834426,-2.0517434525730094,-1.999792148053772,0.5604735553089919,0.5462820479300655,neutral,neutral,0.014191507378926382,True
2025-09-29 00:00:00+00:00,0.32040339505169035,0.31229059989473945,0.5565171875835593,0.5424258576730296,0.506733672148415,0.4939028890020004,0.32040339505169035,0.31229059989473945,0.5565171875835593,0.5424258576730296,0.506733672148415,0.4939028890020004,0.5366037814095015,0.523016670204618,neutral,neutral,0.01358711120488354,True
2025-09-18 00:00:00+00:00,0.5261546512641742,0.512832117943657,0.44251500264768856,0.43131027253007714,0.6115744709126216,0.5960890594520476,0.5261546512641742,0.512832117943657,0.44251500264768856,0.43131027253007714,0.6115744709126216,0.5960890594520476,0.5101387899536618,0.49722178729886535,neutral,neutral,0.01291700265479645,True
2025-10-28 00:00:00+00:00,0.10309675959145134,0.10048629133540862,-0.7552075895243006,-0.7360853062732441,1.2668895118294983,1.2348111529396524,0.10309675959145134,0.10048629133540862,-0.7552075895243006,-0.7360853062732441,1.2668895118294983,1.2348111529396524,0.5067558047317994,0.493924461175861,neutral,neutral,0.012831343555938401,True
2025-07-29 00:00:00+00:00,-1.0522061904037368,-1.0255637346200077,-0.49130208002511155,-0.4788620335182991,1.250366099654656,1.2187061229054186,-1.0522061904037368,-1.0255637346200077,-0.49130208002511155,-0.4788620335182991,1.250366099654656,1.2187061229054186,0.5001464398618624,0.48748244916216743,neutral,neutral,0.012663990699694927,True
2025-10-06 00:00:00+00:00,0.4894538920740871,0.47706064273124194,0.8255553091000714,0.8046517818066611,-1.5551370184831437,-1.5157600697148648,0.4894538920740871,0.47706064273124194,0.8255553091000714,0.8046517818066611,-1.5551370184831437,-1.5157600697148648,0.4953331854600428,0.4827910690839966,neutral,neutral,0.012542116376046186,True
2025-06-27 00:00:00+00:00,0.4430924467625119,0.43187309543324087,-1.3035041469359838,-1.2704986847791555,1.2150748377998069,1.184308455758602,0.4430924467625119,0.43187309543324087,-1.3035041469359838,-1.2704986847791555,1.2150748377998069,1.184308455758602,0.48602993511992276,0.47372338230344085,neutral,neutral,0.012306552816481908,True
2025-10-27 00:00:00+00:00,1.1801857177710815,1.1503027479795473,-1.0059345545590326,-0.9804637227624158,1.190045815930379,1.1599131828772777,1.1801857177710815,1.1503027479795473,-1.0059345545590326,-0.9804637227624158,1.190045815930379,1.1599131828772777,0.47601832637215163,0.46396527315091113,neutral,neutral,0.012053053221240506,True
2025-08-07 00:00:00+00:00,-0.18626068827617692,-0.18154446231504626,-0.03423737194086128,-0.033370462321437575,1.1637762700557406,1.1343087967601508,-0.18626068827617692,-0.18154446231504626,-0.03423737194086128,-0.033370462321437575,1.1637762700557406,1.1343087967601508,0.46551050802229627,0.45372351870406036,neutral,neutral,0.011786989318235908,True
2025-04-09 00:00:00+00:00,3.2867118085202613,3.2034904068302126,0.7688873758335427,0.7494187126569383,-1.46646896716494,-1.429337143600175,3.2867118085202613,3.2034904068302126,0.7688873758335427,0.7494187126569383,-1.46646896716494,-1.429337143600175,0.4613324255001256,0.4496512275941629,neutral,neutral,0.01168119790596267,True
2025-10-23 00:00:00+00:00,0.589571388874733,0.5746431078945409,-0.37596319131348516,-0.3664435906950688,1.1229150103499836,1.0944821672579406,0.589571388874733,0.5746431078945409,-0.37596319131348516,-0.3664435906950688,1.1229150103499836,1.0944821672579406,0.44916600413999347,0.43779286690317626,neutral,neutral,0.01137313723681721,True
2025-07-02 00:00:00+00:00,0.29095244041752916,0.2835853600869934,-0.9321447975083642,-0.9085423640898214,1.1055287543523566,1.0775361410944528,0.29095244041752916,0.2835853600869934,-0.9321447975083642,-0.9085423640898214,1.1055287543523566,1.0775361410944528,0.4422115017409427,0.43101445643778113,neutral,neutral,0.011197045303161568,True
2025-11-28 00:00:00+00:00,0.5713831006218638,0.5569153573860589,-1.2290796735057221,-1.1979586811045466,1.0736299843844366,1.0464450660212985,0.5713831006218638,0.5569153573860589,-1.2290796735057221,-1.1979586811045466,1.0736299843844366,1.0464450660212985,0.42945199375377463,0.41857802640851943,neutral,neutral,0.010873967345255198,True
2025-11-25 00:00:00+00:00,1.0894736586282896,1.0618875694736536,-0.444398736202761,-0.4331463088861395,0.9389347616830661,0.9151604025315181,1.0894736586282896,1.0618875694736536,-0.444398736202761,-0.4331463088861395,0.9389347616830661,0.9151604025315181,0.3755739046732265,0.36606416101260725,risk_on,risk_on,0.009509743660619241,True
2025-07-30 00:00:00+00:00,-0.6236238184899704,-0.6078333107346184,-1.0470784696052478,-1.0205658506122361,0.8985378970591665,0.8757864093652021,-0.6236238184899704,-0.6078333107346184,-1.0470784696052478,-1.0205658506122361,0.8985378970591665,0.8757864093652021,0.35941515882366665,0.3503145637460809,neutral,neutral,0.00910059507758576,True
2025-08-13 00:00:00+00:00,0.279722404743139,0.2726396752666786,-1.3346712872655329,-1.3008766554899807,0.898493942838821,0.8757435680905838,0.279722404743139,0.2726396752666786,-1.3346712872655329,-1.3008766554899807,0.898493942838821,0.8757435680905838,0.35939757713552845,0.3502974272362336,risk_on,risk_on,0.009100149899294863,True
2025-06-05 00:00:00+00:00,-0.7731571081800112,-0.7535803329657779,-0.41681134925409896,-0.4062574501762295,0.8913252198464736,0.8687563612184925,-0.7731571081800112,-0.7535803329657779,-0.41681134925409896,-0.4062574501762295,0.8913252198464736,0.8687563612184925,0.3565300879385895,0.34750254448739704,neutral,neutral,0.009027543451192444,True
2025-10-09 00:00:00+00:00,-1.0698663355091491,-1.0427767148642013,0.5663472213613077,0.5520069894364722,-0.4124133458940964,-0.4019708067482462,-1.0698663355091491,-1.0427767148642013,0.5663472213613077,0.5520069894364722,-0.4124133458940964,-0.4019708067482462,0.3398083328167846,0.3312041936618833,neutral,neutral,0.008604139154901269,True
2025-06-11 00:00:00+00:00,-0.5455185253251348,-0.531705687762754,-0.8988757599459853,-0.8761157173728145,0.8207433726112152,0.799961686270564,-0.5455185253251348,-0.531705687762754,-0.8988757599459853,-0.8761157173728145,0.8207433726112152,0.799961686270564,0.3282973490444861,0.3199846745082256,neutral,neutral,0.0083126745362605,True
2025-09-04 00:00:00+00:00,1.197199049274603,1.166885292308034,-0.06464464580895396,-0.06300780681930135,0.7589007003168566,0.7396849054117641,1.197199049274603,1.166885292308034,-0.06464464580895396,-0.06300780681930135,0.7589007003168566,0.7396849054117641,0.3035602801267427,0.2958739621647057,risk_on,risk_on,0.007686317962037004,True
2025-08-11 00:00:00+00:00,-0.4681610964054379,-0.4563069926904077,-0.20585724816933265,-0.20064482622950336,0.7481054256139836,0.7291629731694887,-0.4681610964054379,-0.4563069926904077,-0.20585724816933265,-0.20064482622950336,0.7481054256139836,0.7291629731694887,0.29924217024559346,0.2916651892677955,neutral,neutral,0.007576980977797965,True
2025-09-19 00:00:00+00:00,-0.01816268947535534,-0.01770279990649142,0.2023938195901566,0.1972690936206274,0.4364411132208363,0.4253901774182732,-0.01816268947535534,-0.01770279990649142,0.2023938195901566,0.1972690936206274,0.4364411132208363,0.4253901774182732,0.2960127370424285,0.2885175271396857,neutral,neutral,0.007495209902742772,True
2025-04-29 00:00:00+00:00,0.18752429619618047,0.18277607496792128,-0.9896229474791359,-0.9645651347982835,0.7305610927603663,0.7120628727454202,0.18752429619618047,0.18277607496792128,-0.9896229474791359,-0.9645651347982835,0.7305610927603663,0.7120628727454202,0.29222443710414653,0.2848251490981681,neutral,neutral,0.007399288005978444,True
2025-08-08 00:00:00+00:00,1.0447433926000604,1.018289899077078,-1.1415284307061027,-1.112624285284609,0.7141520859643713,0.6960693512810718,1.0447433926000604,1.018289899077078,-1.1415284307061027,-1.112624285284609,0.7141520859643713,0.6960693512810718,0.2856608343857485,0.27842774051242875,risk_on,risk_on,0.007233093873319774,True
2025-11-24 00:00:00+00:00,1.7828561186195675,1.7377131934569245,0.2901738932971924,0.28282652622003274,0.2655170172276587,0.2587939761964918,1.7828561186195675,1.7377131934569245,0.2901738932971924,0.28282652622003274,0.2655170172276587,0.2587939761964918,0.2803111428693789,0.27321350621061635,risk_on,risk_on,0.007097636658762563,True
2025-10-08 00:00:00+00:00,1.0824062968304817,1.0549991572732895,0.4387741831071982,0.4276641726558944,-0.38408366435879127,-0.3743584487704306,1.0824062968304817,1.0549991572732895,0.4387741831071982,0.4276641726558944,-0.38408366435879127,-0.3743584487704306,0.2632645098643189,0.25659850359353664,risk_on,risk_on,0.006666006270782232,True
2025-06-04 00:00:00+00:00,-0.36963102847605,-0.36027176180162823,-0.9749747496921027,-0.9502878376630963,0.6348818508201343,0.6188062833195437,-0.36963102847605,-0.36027176180162823,-0.9749747496921027,-0.9502878376630963,0.6348818508201343,0.6188062833195437,0.2539527403280537,0.2475225133278175,neutral,neutral,0.0064302270002362105,True
2025-08-21 00:00:00+00:00,-0.6132224571358436,-0.5976953177321487,0.41705982940368297,0.4064996386679152,-1.0689783855153623,-1.041911248266191,-0.6132224571358436,-0.5976953177321487,0.41705982940368297,0.4064996386679152,-1.0689783855153623,-1.041911248266191,0.25023589764220977,0.24389978320074912,neutral,neutral,0.00633611444146065,True
2025-11-06 00:00:00+00:00,-1.120502929893194,-1.0921311620424852,0.3657358604159437,0.35647522159960715,-1.3281840417882478,-1.2945536707365328,-1.120502929893194,-1.0921311620424852,0.3657358604159437,0.35647522159960715,-1.3281840417882478,-1.2945536707365328,0.2194415162495662,0.21388513295976427,neutral,neutral,0.0055563832898019305,True
2025-04-21 00:00:00+00:00,-0.6422496985436428,-0.6259875729720439,0.36189542477428954,0.3527320279602287,-1.7298653474721974,-1.6860641786023152,-0.6422496985436428,-0.6259875729720439,0.36189542477428954,0.3527320279602287,-1.7298653474721974,-1.6860641786023152,0.21713725486457372,0.2116392167761372,neutral,neutral,0.005498038088436519,True
2025-04-16 00:00:00+00:00,-0.6359100753535255,-0.6198084726262784,0.3508725839253629,0.34198829167522377,-0.7716214097350432,-0.7520835192739187,-0.6359100753535255,-0.6198084726262784,0.3508725839253629,0.34198829167522377,-0.7716214097350432,-0.7520835192739187,0.21052355035521775,0.20519297500513425,neutral,neutral,0.005330575350083494,True
2025-05-23 00:00:00+00:00,-0.9537791652235402,-0.9296289373797405,0.334857224911198,0.3263784506082956,-1.3311934590709729,-1.2974868878719512,-0.9537791652235402,-0.9296289373797405,0.334857224911198,0.3263784506082956,-1.3311934590709729,-1.2974868878719512,0.20091433494671881,0.19582707036497737,neutral,neutral,0.005087264581741441,True
2025-06-10 00:00:00+00:00,0.5538457708775326,0.5398220827485488,-1.1858196318909182,-1.1557940082078888,0.453822362006614,0.4423313231553578,0.5538457708775326,0.5398220827485488,-1.1858196318909182,-1.1557940082078888,0.453822362006614,0.4423313231553578,0.18152894480264561,0.17693252926214312,risk_on,risk_on,0.0045964155405024965,True
2025-06-16 00:00:00+00:00,1.1171371702697532,1.08885062535611,0.292029503005998,0.2846351508416486,-0.20615134683506808,-0.20093147815064907,1.1171371702697532,1.08885062535611,0.292029503005998,0.2846351508416486,-0.20615134683506808,-0.20093147815064907,0.1752177018035988,0.17078109050498916,risk_on,risk_on,0.004436611298609644,True
2025-04-30 00:00:00+00:00,0.016440441722305042,0.016024160440512414,-0.9623139341528167,-0.9379476011331565,0.422290565724973,0.4115979297874424,0.016440441722305042,0.016024160440512414,-0.9623139341528167,-0.9379476011331565,0.422290565724973,0.4115979297874424,0.1689162262899892,0.16463917191497698,neutral,neutral,0.004277054375012218,True
2025-04-14 00:00:00+00:00,0.38540290591296433,0.3756442863825422,0.2800102442267702,0.2729202264918056,-1.4461194469361793,-1.4095028847315985,0.38540290591296433,0.3756442863825422,0.2800102442267702,0.2729202264918056,-1.4461194469361793,-1.4095028847315985,0.1680061465360621,0.16375213589508333,risk_on,risk_on,0.004254010640978773,True
2025-11-07 00:00:00+00:00,-0.049218472224169134,-0.047972232673466814,0.24618758553802692,0.23995397664842957,-1.4275378745485958,-1.3913918082649057,-0.049218472224169134,-0.047972232673466814,0.24618758553802692,0.23995397664842957,-1.4275378745485958,-1.3913918082649057,0.14771255132281613,0.14397238598905773,neutral,neutral,0.0037401653337583995,True
2025-07-03 00:00:00+00:00,0.8821411888276461,0.8598048750588339,-1.015366698377044,-0.9896570393649291,0.3574721013206753,0.34842070555790383,0.8821411888276461,0.8598048750588339,-1.015366698377044,-0.9896570393649291,0.3574721013206753,0.34842070555790383,0.14298884052827013,0.13936828222316153,risk_on,risk_on,0.003620558305108601,True
2025-11-04 00:00:00+00:00,-1.3131780466838285,-1.279927635914521,0.2380804047699151,0.23205207428213187,-1.097497375424965,-1.069708121223324,-1.3131780466838285,-1.279927635914521,0.2380804047699151,0.23205207428213187,-1.097497375424965,-1.069708121223324,0.14284824286194905,0.13923124456927913,neutral,neutral,0.0036169982926699262,True
2025-10-29 00:00:00+00:00,-0.13211432344156113,-0.1287691140588469,-0.5657272775534021,-0.5514027429561805,0.34569984053210173,0.33694652506993533,-0.13211432344156113,-0.1287691140588469,-0.5657272775534021,-0.5514027429561805,0.34569984053210173,0.33694652506993533,0.1382799362128407,0.13477861002797414,neutral,neutral,0.0035013261848665655,True
2025-04-28 00:00:00+00:00,0.023737026290957322,0.023135991361528455,-0.8486836198267355,-0.8271944706259239,0.3129561293030181,0.3050319031263963,0.023737026290957322,0.023135991361528455,-0.8486836198267355,-0.8271944706259239,0.3129561293030181,0.3050319031263963,0.12518245172120723,0.12201276125055852,neutral,neutral,0.0031696904706487172,True
2025-04-15 00:00:00+00:00,-0.02121075206722448,-0.02067368382979686,0.17168455454320503,0.16733740453127607,-1.1391294604329705,-1.1102860582953475,-0.02121075206722448,-0.02067368382979686,0.17168455454320503,0.16733740453127607,-1.1391294604329705,-1.1102860582953475,0.10301073272592301,0.10040244271876564,neutral,neutral,0.002608290007157371,True
2025-07-10 00:00:00+00:00,0.1165388660887822,0.1135880360944589,-1.1965858114392856,-1.1662875820015677,0.22271590083995907,0.21707660828058853,0.1165388660887822,0.1135880360944589,-1.1965858114392856,-1.1662875820015677,0.22271590083995907,0.21707660828058853,0.08908636033598363,0.08683064331223542,neutral,neutral,0.002255717023748216,True
2025-07-09 00:00:00+00:00,0.6270110372669365,0.6111347632166166,-1.1836714884936441,-1.153700257016212,0.21419270930871726,0.20876922877894943,0.6270110372669365,0.6111347632166166,-1.1836714884936441,-1.153700257016212,0.21419270930871726,0.20876922877894943,0.08567708372348691,0.08350769151157977,risk_on,risk_on,0.002169392211907137,True
2025-08-12 00:00:00+00:00,1.3850991316922536,1.3500276383777838,-1.3026051899911253,-1.2696224899325617,0.20423765236863353,0.19906623951036692,1.3850991316922536,1.3500276383777838,-1.3026051899911253,-1.2696224899325617,0.20423765236863353,0.19906623951036692,0.08169506094745342,0.07962649580414677,risk_on,risk_on,0.0020685651433066526,True
2025-05-30 00:00:00+00:00,-0.3575198588247976,-0.3484672538150433,-0.7451741332496754,-0.7263059027856085,0.15344542657281665,0.1495601015956687,-0.3575198588247976,-0.3484672538150433,-0.7451741332496754,-0.7263059027856085,0.15344542657281665,0.1495601015956687,0.06137817062912666,0.05982404063826749,neutral,neutral,0.0015541299908591738,True
2025-08-28 00:00:00+00:00,0.2959162842585872,0.2884235165948475,-0.9068818314632544,-0.8839190706316646,0.12590118524972146,0.12271329603962192,0.2959162842585872,0.2884235165948475,-0.9068818314632544,-0.8839190706316646,0.12590118524972146,0.12271329603962192,0.050360474099888586,0.04908531841584877,risk_on,risk_on,0.0012751556840398179,True
2025-05-01 00:00:00+00:00,0.24255390688614448,0.23641230479491926,-1.0169272843036081,-0.9911781103732361,0.06876702089002028,0.06702580103202908,0.24255390688614448,0.23641230479491926,-1.0169272843036081,-0.9911781103732361,0.06876702089002028,0.06702580103202908,0.027506808356008113,0.026810320412811634,risk_on,risk_on,0.0006964879431964784,True
2025-08-14 00:00:00+00:00,-0.1946887441031338,-0.18975911500223802,-0.9850115433836563,-0.9600704940624216,0.06713585280087873,0.06543593504136337,-0.1946887441031338,-0.18975911500223802,-0.9850115433836563,-0.9600704940624216,0.06713585280087873,0.06543593504136337,0.026854341120351496,0.02617437401654535,neutral,neutral,0.0006799671038061478,True
2025-07-25 00:00:00+00:00,0.40691246440566337,0.3966092106901381,-2.214037830521293,-2.157977140572544,0.06030522287430994,0.0587782605273887,0.40691246440566337,0.3966092106901381,-2.214037830521293,-2.157977140572544,0.06030522287430994,0.0587782605273887,0.02412208914972398,0.023511304210955482,risk_on,risk_on,0.0006107849387684966,True
2025-04-17 00:00:00+00:00,0.14788123246739662,0.14413679603166013,0.024056745048694653,0.023447614659512166,-1.1082687637175954,-1.0802067718731156,0.14788123246739662,0.14413679603166013,0.024056745048694653,0.023447614659512166,-1.1082687637175954,-1.0802067718731156,0.01443404702921679,0.014068568795707299,neutral,neutral,0.00036547823350949193,True
2025-09-26 00:00:00+00:00,1.0253979950307435,0.9994343379144064,-0.62891448702703,-0.6129900165525523,0.034711039522972775,0.03383213637249324,1.0253979950307435,0.9994343379144064,-0.62891448702703,-0.6129900165525523,0.034711039522972775,0.03383213637249324,0.01388441580918911,0.013532854548997298,risk_on,risk_on,0.0003515612601918128,True
2025-04-25 00:00:00+00:00,0.2653384695666612,0.25861994946325984,-0.8464619033043655,-0.8250290092223218,0.00786228431105169,0.007663206826023895,0.2653384695666612,0.25861994946325984,-0.8464619033043655,-0.8250290092223218,0.00786228431105169,0.007663206826023895,0.0031449137244206763,0.0030652827304095583,risk_on,risk_on,7.963099401111801e-05,True
2025-04-22 00:00:00+00:00,0.952028884480802,0.9279229747352269,-0.021509198025773883,-0.02096457296789821,-1.3164621477488583,-1.2831285816833664,0.952028884480802,0.9279229747352269,-0.021509198025773883,-0.02096457296789821,-1.3164621477488583,-1.2831285816833664,0.0,0.0,risk_on,risk_on,0.0,True
2025-04-23 00:00:00+00:00,0.623908728211652,0.6081110063810284,-0.31143663280256695,-0.3035508811366402,-0.7953442961073574,-0.7752057287475266,0.623908728211652,0.6081110063810284,-0.31143663280256695,-0.3035508811366402,-0.7953442961073574,-0.7752057287475266,0.0,0.0,risk_on,risk_on,0.0,True
2025-04-24 00:00:00+00:00,0.7161680231656298,0.6980342438123776,-0.5943603414646385,-0.5793108014966266,-0.32285516915436385,-0.3146802936906099,0.7161680231656298,0.6980342438123776,-0.5943603414646385,-0.5793108014966266,-0.32285516915436385,-0.3146802936906099,0.0,0.0,risk_on,risk_on,0.0,True
2025-05-02 00:00:00+00:00,0.3988085471006446,0.3887104891542042,-1.1722543949570676,-1.1425722507445026,-0.4165398659269603,-0.4059928409604298,0.3988085471006446,0.3887104891542042,-1.1722543949570676,-1.1425722507445026,-0.4165398659269603,-0.4059928409604298,0.0,0.0,risk_on,risk_on,0.0,True
2025-05-05 00:00:00+00:00,-0.4429757828306965,-0.43175938549815557,-0.966437951020104,-0.9419671955611528,-0.7235359321443456,-0.7052155931690609,-0.4429757828306965,-0.43175938549815557,-0.966437951020104,-0.9419671955611528,-0.7235359321443456,-0.7052155931690609,0.0,0.0,neutral,neutral,0.0,True
2025-05-06 00:00:00+00:00,-0.5434080309390994,-0.5296486322880988,-0.7567832059775532,-0.7376210272268435,-0.3867851134432307,-0.3769914956364784,-0.5434080309390994,-0.5296486322880988,-0.7567832059775532,-0.7376210272268435,-0.3867851134432307,-0.3769914956364784,0.0,0.0,neutral,neutral,0.0,True
2025-05-07 00:00:00+00:00,-0.08433472756765804,-0.0821993245727454,-1.0265278547445016,-1.0005355889412617,-0.012588143105466661,-0.012269404203187957,-0.08433472756765804,-0.0821993245727454,-1.0265278547445016,-1.0005355889412617,-0.012588143105466661,-0.012269404203187957,0.0,0.0,neutral,neutral,0.0,True
2025-05-08 00:00:00+00:00,0.3047650871310339,0.2970482627743971,-1.122519700275664,-1.0940968666583553,-0.8378016533610476,-0.816588041705095,0.3047650871310339,0.2970482627743971,-1.122519700275664,-1.0940968666583553,-0.8378016533610476,-0.816588041705095,0.0,0.0,risk_on,risk_on,0.0,True
2025-05-09 00:00:00+00:00,-0.39132965750502297,-0.38142096927259833,-1.2384274568154259,-1.207069773254482,-0.7683825884467484,-0.7489267067722462,-0.39132965750502297,-0.38142096927259833,-1.2384274568154259,-1.207069773254482,-0.7683825884467484,-0.7489267067722462,0.0,0.0,neutral,neutral,0.0,True
2025-05-12 00:00:00+00:00,2.0954300772712338,2.0423726027089857,-1.9890170691612326,-1.938654032142935,-1.4608159703476342,-1.4238272838590977,2.0954300772712338,2.0423726027089857,-1.9890170691612326,-1.938654032142935,-1.4608159703476342,-1.4238272838590977,0.0,0.0,risk_on,risk_on,0.0,True
2025-05-13 00:00:00+00:00,0.1819513406250373,0.17734422978345218,-1.7773085180914991,-1.7323060613115147,-1.6253238892943886,-1.5841697692657497,0.1819513406250373,0.17734422978345218,-1.7773085180914991,-1.7323060613115147,-1.6253238892943886,-1.5841697692657497,0.0,0.0,neutral,neutral,0.0,True
2025-05-14 00:00:00+00:00,-0.24192604018299196,-0.23580033603176107,-1.496460807446411,-1.4585695735247044,-1.806743807678968,-1.7609960327204124,-0.24192604018299196,-0.23580033603176107,-1.496460807446411,-1.4585695735247044,-1.806743807678968,-1.7609960327204124,0.0,0.0,neutral,neutral,0.0,True
2025-05-15 00:00:00+00:00,-0.0868526369080246,-0.08465347902468799,-1.5495535979871002,-1.5103180245839165,-1.092985401269054,-1.06531039280481,-0.0868526369080246,-0.08465347902468799,-1.5495535979871002,-1.5103180245839165,-1.092985401269054,-1.06531039280481,0.0,0.0,neutral,neutral,0.0,True
2025-05-16 00:00:00+00:00,0.03630270382060955,0.03538349882999917,-1.51645225891186,-1.478054830133502,-0.873456612414571,-0.8513401970318349,0.03630270382060955,0.03538349882999917,-1.51645225891186,-1.478054830133502,-0.873456612414571,-0.8513401970318349,0.0,0.0,neutral,neutral,0.0,True
2025-05-19 00:00:00+00:00,-0.6391364077581749,-0.6229531124698887,-1.2846510993995588,-1.2521230070680371,-1.065019848542622,-1.0380529436884651,-0.6391364077581749,-0.6229531124698887,-1.2846510993995588,-1.2521230070680371,-1.065019848542622,-1.0380529436884651,0.0,0.0,neutral,neutral,0.0,True
2025-05-20 00:00:00+00:00,-1.0268074025433438,-1.0008080584317431,-1.238135929643793,-1.2067856277157074,-1.423692344665871,-1.387643649373724,-1.0268074025433438,-1.0008080584317431,-1.238135929643793,-1.2067856277157074,-1.423692344665871,-1.387643649373724,0.0,0.0,neutral,neutral,0.0,True
2025-05-21 00:00:00+00:00,-2.0639589959238673,-2.011698386938832,-0.31590665382592364,-0.30790771869980876,-2.087342082867095,-2.0344894008970758,-2.0639589959238673,-2.011698386938832,-0.31590665382592364,-0.30790771869980876,-2.087342082867095,-2.0344894008970758,0.0,0.0,neutral,neutral,0.0,True
2025-05-22 00:00:00+00:00,-0.33221613634142383,-0.32380423589468693,-0.4360041926717487,-0.4249643199446081,-1.577226466009852,-1.5372901999387742,-0.33221613634142383,-0.32380423589468693,-0.4360041926717487,-0.4249643199446081,-1.577226466009852,-1.5372901999387742,0.0,0.0,neutral,neutral,0.0,True
2025-05-27 00:00:00+00:00,1.6332246533008952,1.591870481459573,-0.8051119464894545,-0.7847260566981744,-0.5353241248621139,-0.5217694152845824,1.6332246533008952,1.591870481459573,-0.8051119464894545,-0.7847260566981744,-0.5353241248621139,-0.5217694152845824,0.0,0.0,risk_on,risk_on,0.0,True
2025-05-28 00:00:00+00:00,-0.8240473461298697,-0.803182001311344,-0.5958003683080166,-0.5807143660459815,-0.7417397306171712,-0.7229584611699477,-0.8240473461298697,-0.803182001311344,-0.5958003683080166,-0.5807143660459815,-0.7417397306171712,-0.7229584611699477,0.0,0.0,neutral,neutral,0.0,True
2025-05-29 00:00:00+00:00,0.07283566212149338,0.07099142196661874,-0.5696364938066837,-0.5552129756431956,-0.06450322996934942,-0.06286997170872693,0.07283566212149338,0.07099142196661874,-0.5696364938066837,-0.5552129756431956,-0.06450322996934942,-0.06286997170872693,0.0,0.0,neutral,neutral,0.0,True
2025-06-02 00:00:00+00:00,0.30944723985920264,0.3016118607476417,-0.754735528755009,-0.7356251983495962,-0.8171001997109781,-0.7964107605684986,0.30944723985920264,0.3016118607476417,-0.754735528755009,-0.7356251983495962,-0.8171001997109781,-0.7964107605684986,0.0,0.0,risk_on,risk_on,0.0,True
2025-06-03 00:00:00+00:00,0.29634172634402123,0.2888381862460829,-0.9695293351866185,-0.9449803041323666,-0.8549958186735005,-0.83334684102819,0.29634172634402123,0.2888381862460829,-0.9695293351866185,-0.9449803041323666,-0.8549958186735005,-0.83334684102819,0.0,0.0,risk_on,risk_on,0.0,True
2025-06-06 00:00:00+00:00,0.7198358216216786,0.7016091715373085,-1.452272243013787,-1.4154998885330898,-0.394011797864269,-0.38403519632114197,0.7198358216216786,0.7016091715373085,-1.452272243013787,-1.4154998885330898,-0.394011797864269,-0.38403519632114197,0.0,0.0,risk_on,risk_on,0.0,True
2025-06-09 00:00:00+00:00,-0.22309480928316897,-0.21744592254774237,-1.123918698124734,-1.095460441090827,-0.174401743464875,-0.16998579269279446,-0.22309480928316897,-0.21744592254774237,-1.123918698124734,-1.095460441090827,-0.174401743464875,-0.16998579269279446,0.0,0.0,neutral,neutral,0.0,True
2025-07-07 00:00:00+00:00,-1.4124422141989097,-1.3766783785723355,-0.17315280978953385,-0.16876848272445114,-0.6843170154609979,-0.6669897216351244,-1.4124422141989097,-1.3766783785723355,-0.17315280978953385,-0.16876848272445114,-0.6843170154609979,-0.6669897216351244,0.0,0.0,neutral,neutral,0.0,True
2025-07-08 00:00:00+00:00,-0.4669612156423319,-0.455137493586779,-0.7121782140745396,-0.6941454589438295,-0.7706247235374853,-0.7511120697344525,-0.4669612156423319,-0.455137493586779,-0.7121782140745396,-0.6941454589438295,-0.7706247235374853,-0.7511120697344525,0.0,0.0,neutral,neutral,0.0,True
2025-07-11 00:00:00+00:00,-0.8280862164952726,-0.8071186051950358,-0.8188861991799866,-0.7981515375210027,-1.4699682641928715,-1.432747836448207,-0.8280862164952726,-0.8071186051950358,-0.8188861991799866,-0.7981515375210027,-1.4699682641928715,-1.432747836448207,0.0,0.0,neutral,neutral,0.0,True
2025-07-14 00:00:00+00:00,-0.01818699698605682,-0.017726491937275594,-0.3658007987767966,-0.3565385156844484,-1.5813482237879637,-1.5413075924788624,-0.01818699698605682,-0.017726491937275594,-0.3658007987767966,-0.3565385156844484,-1.5813482237879637,-1.5413075924788624,0.0,0.0,neutral,neutral,0.0,True
2025-07-15 00:00:00+00:00,-0.8921966487629532,-0.8696057250620243,-0.2459772730044183,-0.23974898934711353,-1.9990921119505307,-1.9484739691510264,-0.8921966487629532,-0.8696057250620243,-0.2459772730044183,-0.23974898934711353,-1.9990921119505307,-1.9484739691510264,0.0,0.0,neutral,neutral,0.0,True
2025-07-16 00:00:00+00:00,0.18410205704520027,0.1794404888475851,-0.28881753711987057,-0.28150451374817753,-1.6434763585466188,-1.6018626077308347,0.18410205704520027,0.1794404888475851,-0.28881753711987057,-0.28150451374817753,-1.6434763585466188,-1.6018626077308347,0.0,0.0,neutral,neutral,0.0,True
2025-07-17 00:00:00+00:00,0.7313960869463302,0.7128767244063875,-0.6070912420372142,-0.591719348467173,-1.6279456296198138,-1.586725125643404,0.7313960869463302,0.7128767244063875,-0.6070912420372142,-0.591719348467173,-1.6279456296198138,-1.586725125643404,0.0,0.0,risk_on,risk_on,0.0,True
2025-07-18 00:00:00+00:00,-0.6233590186638667,-0.6075752157898621,-0.6252086249644863,-0.6093779890130191,-1.3231733361169773,-1.2896698389666414,-0.6233590186638667,-0.6075752157898621,-0.6252086249644863,-0.6093779890130191,-1.3231733361169773,-1.2896698389666414,0.0,0.0,neutral,neutral,0.0,True
2025-07-21 00:00:00+00:00,-0.14471838522693892,-0.1410540338719809,-0.3616537337444848,-0.35249645668402396,-0.5187311015165995,-0.5055965366738254,-0.14471838522693892,-0.1410540338719809,-0.3616537337444848,-0.35249645668402396,-0.5187311015165995,-0.5055965366738254,0.0,0.0,neutral,neutral,0.0,True
2025-07-22 00:00:00+00:00,-0.579873718376898,-0.5651909878979277,-0.4369753701222454,-0.42591090663292885,-0.011697345200795172,-0.011401161805252363,-0.579873718376898,-0.5651909878979277,-0.4369753701222454,-0.42591090663292885,-0.011697345200795172,-0.011401161805252363,0.0,0.0,neutral,neutral,0.0,True
2025-07-23 00:00:00+00:00,1.248456203326848,1.2168445862327746,-2.2546567924962972,-2.197567607459912,-0.4596138281401083,-0.4479761460911783,1.248456203326848,1.2168445862327746,-2.2546567924962972,-2.197567607459912,-0.4596138281401083,-0.4479761460911783,0.0,0.0,risk_on,risk_on,0.0,True
2025-07-24 00:00:00+00:00,-0.43221692271628537,-0.42127294580618035,-1.9380337096192846,-1.8889616000975034,-0.5137611797486947,-0.5007524561356717,-0.43221692271628537,-0.42127294580618035,-1.9380337096192846,-1.8889616000975034,-0.5137611797486947,-0.5007524561356717,0.0,0.0,neutral,neutral,0.0,True
2025-07-28 00:00:00+00:00,-0.550942520764961,-0.5369923445706689,-1.7847795907735389,-1.7395879622086956,-0.42709543812674594,-0.41628114010272516,-0.550942520764961,-0.5369923445706689,-1.7847795907735389,-1.7395879622086956,-0.42709543812674594,-0.41628114010272516,0.0,0.0,neutral,neutral,0.0,True
2025-08-15 00:00:00+00:00,-0.5500746603257997,-0.5361464588486206,-0.7319369340627543,-0.7134038769680301,-0.8081381931257271,-0.7876756770580932,-0.5500746603257997,-0.5361464588486206,-0.7319369340627543,-0.7134038769680301,-0.8081381931257271,-0.7876756770580932,0.0,0.0,neutral,neutral,0.0,True
2025-08-18 00:00:00+00:00,-0.221570305942243,-0.21596002049354415,-0.737110557703687,-0.7184465015325879,-1.1760506023871322,-1.1462723360554508,-0.221570305942243,-0.21596002049354415,-0.737110557703687,-0.7184465015325879,-1.1760506023871322,-1.1462723360554508,0.0,0.0,neutral,neutral,0.0,True
2025-08-19 00:00:00+00:00,-0.9459589666661361,-0.922006750672281,-0.28073287138378267,-0.2736245563205663,-0.4994553298817039,-0.48680883847748174,-0.9459589666661361,-0.922006750672281,-0.28073287138378267,-0.2736245563205663,-0.4994553298817039,-0.48680883847748174,0.0,0.0,neutral,neutral,0.0,True
2025-08-20 00:00:00+00:00,-0.4679233588208932,-0.4560752747559488,-0.20555962113413376,-0.20035473527914163,-0.33587153153356597,-0.32736707441329743,-0.4679233588208932,-0.4560752747559488,-0.20555962113413376,-0.20035473527914163,-0.33587153153356597,-0.32736707441329743,0.0,0.0,neutral,neutral,0.0,True
2025-08-22 00:00:00+00:00,1.9994864439628357,1.9488583164539122,-1.2670948396934165,-1.2350112817861374,-0.12059482018123162,-0.1175412911355463,1.9994864439628357,1.9488583164539122,-1.2670948396934165,-1.2350112817861374,-0.12059482018123162,-0.1175412911355463,0.0,0.0,risk_on,risk_on,0.0,True
2025-08-25 00:00:00+00:00,-0.6470861041180407,-0.6307015180222174,-0.8461830875676396,-0.8247572532577895,-0.6384568388500086,-0.622290750630642,-0.6470861041180407,-0.6307015180222174,-0.8461830875676396,-0.8247572532577895,-0.6384568388500086,-0.622290750630642,0.0,0.0,neutral,neutral,0.0,True
2025-08-26 00:00:00+00:00,0.4568264039212617,0.44525930102991623,-0.8987636535029787,-0.8760064495283307,-0.701946798685278,-0.6841731087780872,0.4568264039212617,0.44525930102991623,-0.8987636535029787,-0.8760064495283307,-0.701946798685278,-0.6841731087780872,0.0,0.0,risk_on,risk_on,0.0,True
2025-08-27 00:00:00+00:00,0.17697643006528738,0.17249528677248194,-0.7094861075653721,-0.6915215180939152,-0.8642383863205624,-0.8423553816354223,0.17697643006528738,0.17249528677248194,-0.7094861075653721,-0.6915215180939152,-0.8642383863205624,-0.8423553816354223,0.0,0.0,neutral,neutral,0.0,True
2025-08-29 00:00:00+00:00,-1.233025964773323,-1.2018050500455222,-0.1536452429892818,-0.14975485854749115,-0.8687007812527506,-0.8467047862043268,-1.233025964773323,-1.2018050500455222,-0.1536452429892818,-0.14975485854749115,-0.8687007812527506,-0.8467047862043268,0.0,0.0,neutral,neutral,0.0,True
2025-10-30 00:00:00+00:00,-1.2908532332412659,-1.2581680993734328,-0.5779530108247306,-0.5633189137471951,-0.16219874756535915,-0.15809178355051243,-1.2908532332412659,-1.2581680993734328,-0.5779530108247306,-0.5633189137471951,-0.16219874756535915,-0.15809178355051243,0.0,0.0,neutral,neutral,0.0,True
2025-10-31 00:00:00+00:00,0.2241213923336674,0.2184465119348498,-0.37457059802011594,-0.36508625865142774,-0.4879936561237048,-0.4756373807808693,0.2241213923336674,0.2184465119348498,-0.37457059802011594,-0.36508625865142774,-0.4879936561237048,-0.4756373807808693,0.0,0.0,risk_on,risk_on,0.0,True
2025-11-03 00:00:00+00:00,0.12427824497409755,0.12113144952963158,-0.5122237634327064,-0.49925396807028083,-1.2299050138829914,-1.1987631233965614,0.12427824497409755,0.12113144952963158,-0.5122237634327064,-0.49925396807028083,-1.2299050138829914,-1.1987631233965614,0.0,0.0,neutral,neutral,0.0,True
2025-11-05 00:00:00+00:00,0.30765088293333936,0.2998609885950154,-0.23162648780707612,-0.22576157414660392,-2.163362441791375,-2.1085848813421544,0.30765088293333936,0.2998609885950154,-0.23162648780707612,-0.22576157414660392,-2.163362441791375,-2.1085848813421544,0.0,0.0,risk_on,risk_on,0.0,True
2025-11-10 00:00:00+00:00,1.9244154626188819,1.875688174811662,-0.41798209945157744,-0.4073985563166151,-1.3484999866375778,-1.3143552043732571,1.9244154626188819,1.875688174811662,-0.41798209945157744,-0.4073985563166151,-1.3484999866375778,-1.3143552043732571,0.0,0.0,risk_on,risk_on,0.0,True
2025-11-11 00:00:00+00:00,0.09715560227590145,0.09469556748292639,-0.49832710402952807,-0.4857091799420206,-0.841307525606483,-0.8200051432825578,0.09715560227590145,0.09469556748292639,-0.49832710402952807,-0.4857091799420206,-0.841307525606483,-0.8200051432825578,0.0,0.0,neutral,neutral,0.0,True
2025-11-12 00:00:00+00:00,-0.0990125094933328,-0.09650545675949586,-0.32157480882694095,-0.31343235281075715,-0.6361382967804643,-0.6200309153575566,-0.0990125094933328,-0.09650545675949586,-0.32157480882694095,-0.31343235281075715,-0.6361382967804643,-0.6200309153575566,0.0,0.0,neutral,neutral,0.0,True
2025-12-02 00:00:00+00:00,-0.30534039375322014,-0.2976090023075626,-1.1082133024829444,-1.0801527149483043,-1.4904260284348698,-1.4526875985300933,-0.30534039375322014,-0.2976090023075626,-1.1082133024829444,-1.0801527149483043,-1.4904260284348698,-1.4526875985300933,0.0,0.0,neutral,neutral,0.0,True
2025-12-03 00:00:00+00:00,0.36397270446741975,0.3547567097567868,-1.2429259704229014,-1.2114543819534371,-0.9365314100927452,-0.9128179051625201,0.36397270446741975,0.3547567097567868,-1.2429259704229014,-1.2114543819534371,-0.9365314100927452,-0.9128179051625201,0.0,0.0,risk_on,risk_on,0.0,True
2025-12-04 00:00:00+00:00,0.017960489257858245,0.01750571951284947,-1.2394022579188335,-1.2080198918426972,-1.5937979053938354,-1.5534420411057555,0.017960489257858245,0.01750571951284947,-1.2394022579188335,-1.2080198918426972,-1.5937979053938354,-1.5534420411057555,0.0,0.0,neutral,neutral,0.0,True
2025-12-05 00:00:00+00:00,0.13592762965226804,0.13248586519980124,-1.2700691528547607,-1.2379102836561298,-2.0716144094112123,-2.019159961027032,0.13592762965226804,0.13248586519980124,-1.2700691528547607,-1.2379102836561298,-2.0716144094112123,-2.019159961027032,0.0,0.0,neutral,neutral,0.0,True
2025-12-08 00:00:00+00:00,-0.470207241490872,-0.45830132822514497,-0.8117170798250295,-0.7911639443223561,-2.097437340371202,-2.04432904077182,-0.470207241490872,-0.45830132822514497,-0.8117170798250295,-0.7911639443223561,-2.097437340371202,-2.04432904077182,0.0,0.0,neutral,neutral,0.0,True
2025-12-09 00:00:00+00:00,-0.2130151044614529,-0.20762144155237774,-0.6848685536325118,-0.6675272945482958,-1.7305855074087846,-1.686766103681805,-0.2130151044614529,-0.20762144155237774,-0.6848685536325118,-0.6675272945482958,-1.7305855074087846,-1.686766103681805,0.0,0.0,neutral,neutral,0.0,True
2025-12-10 00:00:00+00:00,0.7608486953252307,0.741583576085123,-0.9947322995499608,-0.96954511518525,-1.1814015825989101,-1.151487826422212,0.7608486953252307,0.741583576085123,-0.9947322995499608,-0.96954511518525,-1.1814015825989101,-1.151487826422212,0.0,0.0,risk_on,risk_on,0.0,True
2025-12-11 00:00:00+00:00,0.2489044980669599,0.2426020954156556,-1.1982624317475976,-1.1679217493354674,-1.146804205406213,-1.1177664743855193,0.2489044980669599,0.2426020954156556,-1.1982624317475976,-1.1679217493354674,-1.146804205406213,-1.1177664743855193,0.0,0.0,risk_on,risk_on,0.0,True
2025-12-12 00:00:00+00:00,-1.2980444963735334,-1.265177275656394,-0.8955609429130024,-0.8728848333816344,-1.921748027978455,-1.8730882811246374,-1.2980444963735334,-1.265177275656394,-0.8955609429130024,-0.8728848333816344,-1.921748027978455,-1.8730882811246374,0.0,0.0,neutral,neutral,0.0,True
2025-12-15 00:00:00+00:00,-0.29464957800318275,-0.2871888840581766,-0.6210285569183118,-0.6053037626536348,-1.6104812464839897,-1.569702950564955,-0.29464957800318275,-0.2871888840581766,-0.6210285569183118,-0.6053037626536348,-1.6104812464839897,-1.569702950564955,0.0,0.0,neutral,neutral,0.0,True
2025-12-16 00:00:00+00:00,-0.43971567472468104,-0.4285818251730374,-0.5753701706935517,-0.5608014725887747,-0.9859463259457221,-0.9609816074012156,-0.43971567472468104,-0.4285818251730374,-0.5753701706935517,-0.5608014725887747,-0.9859463259457221,-0.9609816074012156,0.0,0.0,neutral,neutral,0.0,True
2025-12-17 00:00:00+00:00,-1.543724085803444,-1.504636118945438,-0.18867408199607621,-0.18389674754114027,-0.9800988941208238,-0.955282235856961,-1.543724085803444,-1.504636118945438,-0.18867408199607621,-0.18389674754114027,-0.9800988941208238,-0.955282235856961,0.0,0.0,neutral,neutral,0.0,True
2025-12-18 00:00:00+00:00,0.8762491454790055,0.8540620215798447,-0.32582556172384713,-0.31757547424042487,-0.5411310133263325,-0.5274292700489425,0.8762491454790055,0.8540620215798447,-0.32582556172384713,-0.31757547424042487,-0.5411310133263325,-0.5274292700489425,0.0,0.0,risk_on,risk_on,0.0,True
2025-12-19 00:00:00+00:00,0.633696813580209,0.6176512518927033,-0.8923958612557477,-0.8697998933818601,-1.1789221715217029,-1.1490711954356778,0.633696813580209,0.6176512518927033,-0.8923958612557477,-0.8697998933818601,-1.1789221715217029,-1.1490711954356778,0.0,0.0,risk_on,risk_on,0.0,True
2025-12-22 00:00:00+00:00,0.5801468914215828,0.5654572440466373,-1.3456403072204963,-1.3115679336564203,-1.1895757789623702,-1.1594550475111447,0.5801468914215828,0.5654572440466373,-1.3456403072204963,-1.3115679336564203,-1.1895757789623702,-1.1594550475111447,0.0,0.0,risk_on,risk_on,0.0,True
2025-12-23 00:00:00+00:00,0.3840605370253639,0.3743359070343104,-1.6102517084871297,-1.5694792246002485,-0.9248117104153031,-0.9013949549088454,0.3840605370253639,0.3743359070343104,-1.6102517084871297,-1.5694792246002485,-0.9248117104153031,-0.9013949549088454,0.0,0.0,risk_on,risk_on,0.0,True
2025-12-24 00:00:00+00:00,0.3352868613295646,0.32679720838957393,-2.0406652370828797,-1.988994439244969,-0.3463512405653644,-0.3375814312859923,0.3352868613295646,0.32679720838957393,-2.0406652370828797,-1.988994439244969,-0.3463512405653644,-0.3375814312859923,0.0,0.0,risk_on,risk_on,0.0,True
2025-12-26 00:00:00+00:00,-0.224190423465183,-0.21851379515907668,-1.7904078255494937,-1.7450736868969434,-0.5655628187520485,-0.5512424483446094,-0.224190423465183,-0.21851379515907668,-1.7904078255494937,-1.7450736868969434,-0.5655628187520485,-0.5512424483446094,0.0,0.0,neutral,neutral,0.0,True
2025-12-29 00:00:00+00:00,-0.7956308850587424,-0.775485061104588,-1.167488100283992,-1.1379266413481017,-0.08631599341384175,-0.08413042364722331,-0.7956308850587424,-0.775485061104588,-1.167488100283992,-1.1379266413481017,-0.08631599341384175,-0.08413042364722331,0.0,0.0,neutral,neutral,0.0,True
2025-12-30 00:00:00+00:00,-0.3157735001713734,-0.30777793657108665,-0.9603666103937386,-0.9360495847130079,-0.22359716693091738,-0.21793556021566815,-0.3157735001713734,-0.30777793657108665,-0.9603666103937386,-0.9360495847130079,-0.22359716693091738,-0.21793556021566815,0.0,0.0,neutral,neutral,0.0,True
2025-12-31 00:00:00+00:00,-1.4101710150581785,-1.3744646874782538,-0.3876333158524235,-0.3778182210810405,-1.6396581136153368,-1.5981410429198855,-1.4101710150581785,-1.3744646874782538,-0.3876333158524235,-0.3778182210810405,-1.6396581136153368,-1.5981410429198855,0.0,0.0,neutral,neutral,0.0,True
